"id","protocol","ip","port","location","network_operator","create_time","update_time","anonymity_type","useable"
"c4c31461-95f2-421e-8c47-101fb96d8fab","http","115.223.7.239","80","辽宁省沈阳市","","2022-09-25 23:09:18.350684","2022-09-25 23:09:18.350684","高匿代理",1
"93777ad5-c01c-422b-ab24-efe46f1da99c","http","131.72.69.98","45005","广西壮族自治区梧州市","","2022-09-25 23:09:18.350684","2022-09-25 23:09:18.350684","高匿代理",1
"b5d77047-3a0d-4864-ba1d-4c8028d978fd","http","144.76.60.58","8118","江西省南昌市","","2022-09-25 23:09:18.350684","2022-09-25 23:09:18.350684","高匿代理",1
"2c183527-ea5b-4c20-a203-c86fc141f7b4","http","165.225.12.109","10605","浙江省杭州市","","2022-09-25 23:09:18.350684","2022-09-25 23:09:18.350684","高匿代理",1
"d300fa09-016f-48d4-bd8d-4f8c048a1723","http","124.156.100.83","8118","重庆市","","2022-09-25 23:09:18.350684","2022-09-25 23:09:18.350684","高匿代理",1
"1694ab4d-39b6-4b17-8528-0e7bdb4173b1","http","117.157.67.56","7302","福建省三明市","","2022-09-25 23:09:18.350684","2022-09-25 23:09:18.350684","高匿代理",1
"cd48a72f-1ff7-48cc-8e31-a73bf56d185d","http","124.71.57.98","443","广西壮族自治区柳州市","","2022-09-25 23:09:18.350684","2022-09-25 23:09:18.350684","高匿代理",1
"e0eae499-c21a-49a0-b3ae-25b21fd2f5b8","http","121.1.41.162","111","湖北省黄石市","","2022-09-25 23:09:18.350684","2022-09-25 23:09:18.350684","高匿代理",1
"ec883cef-926f-464c-9d16-10d01f8205f1","http","138.197.148.215","80","青海省海北藏族自治州","","2022-09-25 23:09:18.350684","2022-09-25 23:09:18.350684","高匿代理",1
"4042bbfa-690b-4313-ba16-26b6a23f586b","http","103.169.187.212","8081","福建省福州市","","2022-09-25 23:09:18.350684","2022-09-25 23:09:18.350684","高匿代理",1
"b6251cbf-d9cf-406a-b2e8-1ea9906444ae","http","106.15.2.195","8118","西藏自治区日喀则地区","","2022-09-25 23:09:18.350684","2022-09-25 23:09:18.350684","高匿代理",1
"be56f910-8723-47ae-96ca-cf887948cbd4","http","102.68.128.218","8080","海南省三亚市","","2022-09-25 23:09:18.350684","2022-09-25 23:09:18.350684","高匿代理",1
"19999163-a65f-4e2a-b5e9-bf87e227d204","http","12.69.91.227","80","广东省广州市","","2022-09-25 23:09:18.350684","2022-09-25 23:09:18.350684","高匿代理",1
"9fd7020d-cece-42b8-b7a9-f49ae82b8c4d","http","115.223.7.239","80","辽宁省沈阳市","","2022-09-25 23:09:18.350684","2022-09-25 23:09:18.350684","高匿代理",1
"aff43be8-e866-4f5b-99e8-c8807af5e2c1","http","147.161.180.253","80","甘肃省白银市","","2022-09-25 23:09:18.350684","2022-09-25 23:09:18.350684","高匿代理",1
"4bf439da-e119-4e1e-ab85-3c76f10f619f","http","165.225.204.84","10605","河南省安阳市","","2022-09-25 23:09:18.350684","2022-09-25 23:09:18.350684","高匿代理",1
"ccd2a9a2-e4ff-4e9b-8c17-83b660f03fb7","http","104.129.198.213","8800","吉林省四平市","","2022-09-25 23:09:18.350684","2022-09-25 23:09:18.350684","高匿代理",1
"50313fdb-7a50-4986-817c-b1c6c8d52250","http","47.95.199.44","80","浙江省湖州市","","2022-09-25 23:09:18.350684","2022-09-25 23:09:18.350684","高匿代理",1
"47a788ec-bc51-4a27-8bfa-fa7e95d5122f","http","47.93.239.66","1080","宁夏回族自治区中卫市","","2022-09-25 23:09:18.350684","2022-09-25 23:09:18.350684","高匿代理",1
"76bdc84e-5c99-47f2-bc4c-71493ed8ef91","http","122.9.101.6","8888","青海省西宁市","","2022-09-25 23:09:18.350684","2022-09-25 23:09:18.350684","高匿代理",1
"644bf171-c56b-44e7-97c8-9881f4b35443","http","104.129.192.79","8800","江苏省无锡市","","2022-09-25 23:09:18.350684","2022-09-25 23:09:18.350684","高匿代理",1
"cd1c1034-3296-42eb-888d-0824170e00f1","http","101.132.100.26","80","河北省邢台市","","2022-09-25 23:09:18.350684","2022-09-25 23:09:18.350684","高匿代理",1
"857c8c57-b133-41a2-a73a-4e53a8666f8a","http","181.129.49.214","999","河北省石家庄市","","2022-09-25 23:09:18.350684","2022-09-25 23:09:18.350684","高匿代理",1
"0d248c93-1e33-4d08-be01-24af834c71a2","http","112.124.56.162","8080","江苏省苏州市","","2022-09-25 23:09:18.350684","2022-09-25 23:09:18.350684","高匿代理",1
"d1e284a7-b32b-4558-b4dc-be6ce7f5739c","http","191.97.16.118","999","浙江省湖州市","","2022-09-25 23:09:18.350684","2022-09-25 23:09:18.350684","高匿代理",1
"85a5d10c-2d16-47e2-8024-1c176bf9dbac","http","120.196.188.21","9091","吉林省吉林市","","2022-09-25 23:09:18.350684","2022-09-25 23:09:18.350684","高匿代理",1
"e099850c-c146-42fd-afa8-7a188de0a26f","http","211.136.100.154","7302","上海市上海周边","","2022-09-25 23:09:18.350684","2022-09-25 23:09:18.350684","高匿代理",1
"c618a89c-6852-40b1-ae46-8070b39a922f","http","147.135.134.57","5566","黑龙江省鸡西市","","2022-09-25 23:09:18.350684","2022-09-25 23:09:18.350684","高匿代理",1
"24a4a9ee-8273-48e3-b683-baadaced2c3b","http","120.196.188.21","9091","吉林省吉林市","","2022-09-25 23:09:18.350684","2022-09-25 23:09:18.350684","高匿代理",1
"b35b891f-7b92-4e0a-8cda-35c64b51a2f6","http","165.225.20.108","10605","浙江省嘉兴市","","2022-09-25 23:09:18.350684","2022-09-25 23:09:18.350684","高匿代理",1
"e35675b3-8a42-4919-a74f-6c3507f5657b","http","147.161.225.80","80","青海省海东地区","","2022-09-25 23:09:18.350684","2022-09-25 23:09:18.350684","高匿代理",1
"59eda774-7fe8-458f-98a8-2af6d89e6a98","http","39.175.75.144","30001","北京市","","2022-09-25 23:09:18.350684","2022-09-25 23:09:18.350684","高匿代理",1
"eb430be6-9dd1-400a-a694-735740bccf97","http","183.247.199.215","30001","河北省邢台市","","2022-09-25 23:09:18.350684","2022-09-25 23:09:18.350684","高匿代理",1
"e99743fd-cf85-4382-b3d8-60e132296f29","http","165.225.20.76","10605","江西省九江市","","2022-09-25 23:09:18.350684","2022-09-25 23:09:18.350684","高匿代理",1
"af0acc01-a74d-4914-b27d-54c258c484f4","http","182.61.201.201","80","青海省海北藏族自治州","","2022-09-25 23:09:18.350684","2022-09-25 23:09:18.350684","高匿代理",1
"82a6212f-a985-4ad6-a578-5a2acd1b78a6","http","218.75.38.154","9091","新疆维吾尔自治区昌吉回族自治州","","2022-09-25 23:09:18.350684","2022-09-25 23:09:18.350684","高匿代理",1
"36856925-a6dc-4cf9-89aa-fa501f23dc55","http","120.26.123.95","8010","吉林省长春市","","2022-09-25 23:09:18.350684","2022-09-25 23:09:18.350684","高匿代理",1
"ee84da79-8e62-414d-b85b-4cba79003174","http","106.14.255.124","80","安徽省蚌埠市","","2022-09-25 23:09:18.350684","2022-09-25 23:09:18.350684","高匿代理",1
"409cbb10-317c-4e1e-843c-b67e00ba2924","http","47.91.44.217","8000","浙江省杭州市","","2022-09-25 23:09:18.350684","2022-09-25 23:09:18.350684","高匿代理",1
"bacdb2e1-3bf7-4e48-bc79-74a727c03aa2","http","165.225.80.229","10605","广东省韶关市","","2022-09-25 23:09:18.350684","2022-09-25 23:09:18.350684","高匿代理",1
"c7c47d0e-8a96-4a45-9080-ebdfd15ed57b","http","222.92.207.98","40080","云南省昆明市","","2022-09-25 23:09:18.350684","2022-09-25 23:09:18.350684","高匿代理",1
"7439b4b7-198c-47c6-84bd-7d9aff5ef6b1","http","219.120.3.219","80","吉林省通化市","","2022-09-25 23:09:18.350684","2022-09-25 23:09:18.350684","高匿代理",1
"be4db58d-7349-42b7-b45e-72b603815b51","http","219.120.3.219","80","吉林省通化市","","2022-09-25 23:09:18.350684","2022-09-25 23:09:18.350684","高匿代理",1
"ceaee0ea-578d-401f-85ea-3a5fe450cb66","http","95.216.194.46","1080","西藏自治区那曲地区","","2022-09-25 23:09:18.350684","2022-09-25 23:09:18.350684","高匿代理",1
"99f9e9d2-5c13-4265-be28-009cda3bc7da","http","165.225.13.75","80","云南省保山市","","2022-09-25 23:09:18.350684","2022-09-25 23:09:18.350684","高匿代理",1
"805d077b-9437-4e5e-b2f5-c7605cc4d9d5","http","109.125.137.18","80","内蒙古自治区呼和浩特市","","2022-09-25 23:09:18.350684","2022-09-25 23:09:18.350684","高匿代理",1
"4d54efce-5d6e-4feb-98cb-aa9e7b9ff1c7","http","103.153.247.66","3125","辽宁省大连市","","2022-09-25 23:09:18.350684","2022-09-25 23:09:18.350684","高匿代理",1
"99897305-49f9-4805-b20c-16afbbddf5ae","http","106.75.171.235","8080","江西省九江市","","2022-09-25 23:09:18.350684","2022-09-25 23:09:18.350684","高匿代理",1
"cf9083f3-5cbd-4785-9948-87df9e350499","http","82.179.248.248","80","江西省南昌市","","2022-09-25 23:09:18.350684","2022-09-25 23:09:18.350684","高匿代理",1
"5fb7a241-1e6e-494b-8ba7-b70021c43201","http","182.101.207.11","8080","湖南省衡阳市","","2022-09-25 23:09:18.350684","2022-09-25 23:09:18.350684","高匿代理",1
"ee10f254-81fd-4e9f-a01c-7dc76023b981","http","118.193.47.193","8118","青海省海北藏族自治州","","2022-09-25 23:09:18.350684","2022-09-25 23:09:18.350684","高匿代理",1
"d5dd1af1-defb-4d32-a13f-ecd0df17b0e3","http","154.236.189.28","8080","山东省青岛市","","2022-09-25 23:09:18.350684","2022-09-25 23:09:18.350684","高匿代理",1
"5f977883-4b09-4e3a-b992-758775fae442","http","8.142.142.250","80","黑龙江省鹤岗市","","2022-09-25 23:09:18.350684","2022-09-25 23:09:18.350684","高匿代理",1
"50b2992b-7bbb-465d-b4b7-26584f89e5fb","http","121.156.109.108","8080","辽宁省抚顺市","","2022-09-25 23:09:18.350684","2022-09-25 23:09:18.350684","高匿代理",1
"b50e3559-26f0-48c6-9151-cac17ec7f867","http","183.247.199.215","30001","河北省邢台市","","2022-09-25 23:09:18.350684","2022-09-25 23:09:18.350684","高匿代理",1
"44df7983-a362-40ef-b4d1-456fdb1a8ca3","http","165.225.204.87","10605","江苏省常州市","","2022-09-25 23:09:18.350684","2022-09-25 23:09:18.350684","高匿代理",1
"a191253d-9940-4d6e-b964-f61f499d16ca","http","165.225.202.102","10605","江西省九江市","","2022-09-25 23:09:18.350684","2022-09-25 23:09:18.350684","高匿代理",1
"074028ff-24e9-4a9f-9a1e-a4449449cd19","http","209.97.152.208","8888","陕西省咸阳市","","2022-09-25 23:09:18.350684","2022-09-25 23:09:18.350684","高匿代理",1
"d4cf62b2-7730-44e0-8867-08ee02fa30a3","http","104.129.198.214","8800","湖南省湘潭市","","2022-09-25 23:09:18.350684","2022-09-25 23:09:18.350684","高匿代理",1
"1de76517-39ea-4aa2-a4c1-8f7c6afa7976","http","128.171.177.35","80","宁夏回族自治区中卫市","","2022-09-25 23:09:18.350684","2022-09-25 23:09:18.350684","高匿代理",1
"ef71a47b-98ba-4c9e-9394-9bf46d7abc3f","http","165.225.208.92","10605","广东省韶关市","","2022-09-25 23:09:18.350684","2022-09-25 23:09:18.350684","高匿代理",1
"566b740b-b33c-4c84-a3eb-7ef9d4468454","http","104.129.198.217","8800","湖北省襄樊市","","2022-09-25 23:09:18.350684","2022-09-25 23:09:18.350684","高匿代理",1
"7f46c2d9-e5a6-431f-a771-0fecbb823f10","http","47.102.193.144","8891","浙江省嘉兴市","","2022-09-25 23:09:18.350684","2022-09-25 23:09:18.350684","高匿代理",1
"c90d185b-b1b1-4b44-bab3-67677f3dfc23","http","165.225.206.117","10605","宁夏回族自治区吴忠市","","2022-09-25 23:09:18.350684","2022-09-25 23:09:18.350684","高匿代理",1
"88eb9317-b542-4fa7-afad-52910fe24849","http","165.225.194.16","10605","内蒙古自治区包头市","","2022-09-25 23:09:18.350684","2022-09-25 23:09:18.350684","高匿代理",1
"7619b673-e0bc-4ef7-a115-34f61fe3de03","http","135.181.35.134","80","海南省海口市","","2022-09-25 23:09:18.350684","2022-09-25 23:09:18.350684","高匿代理",1
"faa1c4ad-134a-4eb6-a985-b26ec8a10072","http","117.102.81.5","53281","天津市市辖区","","2022-09-25 23:09:18.350684","2022-09-25 23:09:18.350684","高匿代理",1
"c3f6b696-7a29-4ea6-80af-d6001137dce3","http","165.225.94.111","10605","北京市","","2022-09-25 23:09:18.350684","2022-09-25 23:09:18.350684","高匿代理",1
"41e4cd4c-b497-4914-8734-0b36c975563a","http","132.226.5.252","80","贵州省贵阳市","","2022-09-25 23:09:18.350684","2022-09-25 23:09:18.350684","高匿代理",1
"0aede74f-ee1c-47fe-8cc0-589055afc0ca","http","122.102.118.82","8080","浙江省宁波市","","2022-09-25 23:09:18.350684","2022-09-25 23:09:18.350684","高匿代理",1
"271326f5-b379-47dc-873d-c3c6bdc94326","http","115.223.7.30","80","上海市市辖区","","2022-09-25 23:09:18.350684","2022-09-25 23:09:18.350684","高匿代理",1
"6cfde88d-aac2-4031-86bb-a69982f986fe","http","115.223.7.30","80","上海市市辖区","","2022-09-25 23:09:18.350684","2022-09-25 23:09:18.350684","高匿代理",1
"c27eb2f1-0c81-47c7-9848-d832a27c7dec","http","183.245.6.32","8080","湖北省襄樊市","","2022-09-25 23:09:18.350684","2022-09-25 23:09:18.350684","高匿代理",1
"3261843c-051a-4433-9d1b-7d70ac95051c","http","222.237.73.160","3128","河北省唐山市","","2022-09-25 23:09:18.350684","2022-09-25 23:09:18.350684","高匿代理",1
"c5608eb1-039e-40dd-928c-845c234bb3cd","http","183.245.6.32","8080","湖北省襄樊市","","2022-09-25 23:09:18.350684","2022-09-25 23:09:18.350684","高匿代理",1
"88c6ceda-71a6-4ad5-9cd0-673dff17850a","http","183.245.6.45","8080","陕西省铜川市","","2022-09-25 23:09:18.350684","2022-09-25 23:09:18.350684","高匿代理",1
"e32e885b-1e40-4bc4-ab5e-687c861052fd","http","183.245.6.45","8080","陕西省铜川市","","2022-09-25 23:09:18.350684","2022-09-25 23:09:18.350684","高匿代理",1
"c471e88f-327e-4081-8d77-eaf2ae5c9735","http","183.245.6.122","8080","重庆市市","","2022-09-25 23:09:18.350684","2022-09-25 23:09:18.350684","高匿代理",1
"5390c1fe-62f5-422f-b77a-fd77db4d8712","http","183.245.6.122","8080","重庆市市","","2022-09-25 23:09:18.350684","2022-09-25 23:09:18.350684","高匿代理",1
"ab8f62e2-252a-4796-ae8b-fa0d585d154c","http","39.100.117.89","80","浙江省杭州市","","2022-09-25 23:09:18.350684","2022-09-25 23:09:18.350684","高匿代理",1
"904a3c39-31fb-4ee8-a83f-e8734a518b17","http","104.129.206.125","8800","陕西省咸阳市","","2022-09-25 23:09:18.350684","2022-09-25 23:09:18.350684","高匿代理",1
"7ade503a-1d9e-465d-93d2-aa60b204fabf","http","120.220.220.95","8085","新疆维吾尔自治区乌鲁木齐市","","2022-09-25 23:09:18.350684","2022-09-25 23:09:18.350684","高匿代理",1
"eb8e0839-dd99-4de9-b188-f30e8a62ca77","http","115.159.29.89","5678","海南省三亚市","","2022-09-25 23:09:18.350684","2022-09-25 23:09:18.350684","高匿代理",1
"8208df6f-920c-4b30-96fc-85061f55afea","http","114.67.200.32","30002","陕西省西安市","","2022-09-25 23:09:18.350684","2022-09-25 23:09:18.350684","高匿代理",1
"9ba7f529-633f-4cec-b55e-b6d05e7abc82","http","165.225.97.4","80","内蒙古自治区赤峰市","","2022-09-25 23:09:18.350684","2022-09-25 23:09:18.350684","高匿代理",1
"7a91ca35-a3a8-4103-96ec-1cb04366477a","http","165.225.26.119","10605","北京市","","2022-09-25 23:09:18.350684","2022-09-25 23:09:18.350684","高匿代理",1
"e2f1cf41-c937-42b5-86dd-0e671a88bb29","http","47.92.113.71","80","西藏自治区拉萨市","","2022-09-25 23:09:18.350684","2022-09-25 23:09:18.350684","高匿代理",1
"a25ede17-c2f2-44d7-b0c5-e0c07bbce5e2","http","43.229.50.122","443","河南省洛阳市","","2022-09-25 23:09:18.350684","2022-09-25 23:09:18.350684","高匿代理",1
"e64f6c0b-59db-488e-99be-22204f8ba061","http","39.99.54.91","80","浙江省宁波市","","2022-09-25 23:09:18.350684","2022-09-25 23:09:18.350684","高匿代理",1
"f6106c34-0521-44a3-9161-924a0c09099a","http","165.225.240.115","10605","吉林省通化市","","2022-09-25 23:09:18.350684","2022-09-25 23:09:18.350684","高匿代理",1
"e1623314-2823-4790-b5cf-f62ad6035735","http","165.225.192.35","80","河北省邢台市","","2022-09-25 23:09:18.350684","2022-09-25 23:09:18.350684","高匿代理",1
"77a9d26f-eed9-4554-ba44-520b11b42de8","http","165.225.20.14","10605","宁夏回族自治区中卫市","","2022-09-25 23:09:18.350684","2022-09-25 23:09:18.350684","高匿代理",1
"c3a816f8-7797-46a3-8c61-18380f8d248c","http","122.70.157.11","808","山西省太原市","","2022-09-25 23:09:18.350684","2022-09-25 23:09:18.350684","高匿代理",1
"f338506f-d4fa-42e1-8601-f691581b0572","http","162.19.157.57","8089","上海市","","2022-09-25 23:09:18.350684","2022-09-25 23:09:18.350684","高匿代理",1
"b438bbaf-3f1c-4aca-bda1-0598e8cd2211","http","141.95.53.191","8081","上海市","","2022-09-25 23:09:18.350684","2022-09-25 23:09:18.350684","高匿代理",1
"ce3fce4b-8191-4f47-a725-d8af76f3c33e","http","139.162.151.176","8118","福建省泉州市","","2022-09-25 23:09:18.350684","2022-09-25 23:09:18.350684","高匿代理",1
"2b2c5762-2d93-415c-b340-c2e48908a979","http","14.241.38.220","19132","河南省平顶山市","","2022-09-25 23:09:18.350684","2022-09-25 23:09:18.350684","高匿代理",1
"cfe6b90d-2ce4-462a-a831-d5e8af12ff95","http","61.19.42.140","80","辽宁省本溪市","","2022-09-25 23:09:18.350684","2022-09-25 23:09:18.350684","高匿代理",1
"c457a5b7-98c5-4f6f-882e-d8d85ce05fbd","http","149.19.34.150","80","江西省萍乡市","","2022-09-25 23:09:18.350684","2022-09-25 23:09:18.350684","高匿代理",1
"b9713d90-fb43-4b7d-9634-9552e06d014d","http","147.161.251.73","80","新疆维吾尔自治区昌吉回族自治州","","2022-09-25 23:09:18.350684","2022-09-25 23:09:18.350684","高匿代理",1
"a0d64257-c804-4afa-9182-31684412849e","http","39.130.150.42","80","湖北省武汉市","","2022-09-26 00:23:16.585045","2022-09-26 00:23:16.585045","高匿代理",1
"69cc89c8-b611-4541-bc9d-89861044db98","http","182.92.77.108","8081","四川省成都市","","2022-09-26 00:23:16.585045","2022-09-26 00:23:16.585045","高匿代理",1
"bfbd983e-499f-401b-8fa5-0a770dd2c4cf","http","203.28.9.10","80","吉林省四平市","","2022-09-26 00:23:16.585045","2022-09-26 00:23:16.585045","高匿代理",1
"836eaaa3-561a-47d6-ac49-fbe21ad25c02","http","43.155.111.39","80","黑龙江省鸡西市","","2022-09-26 00:23:16.585045","2022-09-26 00:23:16.585045","高匿代理",1
"b2d42749-ec56-486c-b72d-52c58e09b7f8","http","183.247.221.119","30001","北京市","","2022-09-26 00:23:16.585045","2022-09-26 00:23:16.585045","高匿代理",1
"746a557b-e3a9-4854-a34f-6a85085e849b","http","47.243.40.107","80","江西省南昌市","","2022-09-26 00:23:16.585045","2022-09-26 00:23:16.585045","高匿代理",1
"008c170b-9f5d-495d-86b5-5f24ae9f1b1e","http","183.245.6.123","8080","河南省开封市","","2022-09-26 00:23:16.585045","2022-09-26 00:23:16.585045","高匿代理",1
"f6aeea52-3095-4f66-9304-711e2ec702fb","http","165.225.94.87","10605","广东省韶关市","","2022-09-26 00:23:16.585045","2022-09-26 00:23:16.585045","高匿代理",1
"05ba3c83-0419-449d-b337-efad8514a8c6","http","183.245.6.123","8080","河南省开封市","","2022-09-26 00:23:16.585045","2022-09-26 00:23:16.585045","高匿代理",1
"05882575-f5c4-4e20-a0a6-8b96733cb298","http","192.141.196.129","8080","重庆市","","2022-09-26 00:23:16.585045","2022-09-26 00:23:16.585045","高匿代理",1
"65e48aa3-290c-434f-995c-af5cc126f51f","http","122.102.118.82","8080","浙江省宁波市","","2022-09-26 00:23:16.585045","2022-09-26 00:23:16.585045","高匿代理",1
"107051e3-cecb-4a86-a307-c580e9e4a154","http","222.79.63.199","9999","山东省青岛市","","2022-09-26 00:23:16.585045","2022-09-26 00:23:16.585045","高匿代理",1
"32846e1d-f572-4f1e-9042-ef0d54791173","http","51.79.250.224","3128","广东省珠海市","","2022-09-26 00:23:16.585045","2022-09-26 00:23:16.585045","高匿代理",1
"9b0738fc-e557-4a55-8d07-3f8bf3e6d921","http","47.254.90.125","3128","宁夏回族自治区中卫市","","2022-09-26 00:23:16.585045","2022-09-26 00:23:16.585045","高匿代理",1
"84c50c3d-6c55-47dd-a589-022aa92062a4","http","183.214.203.219","8060","四川省成都市","","2022-09-26 00:23:16.585045","2022-09-26 00:23:16.585045","高匿代理",1
"963781a2-1107-41bc-92b5-c929757c7c79","http","46.30.188.187","80","河南省安阳市","","2022-09-26 00:23:16.585045","2022-09-26 00:23:16.585045","高匿代理",1
"5589f643-afa3-486f-81ef-2eb110c1c232","http","41.77.7.234","3129","陕西省宝鸡市","","2022-09-26 00:23:16.585045","2022-09-26 00:23:16.585045","高匿代理",1
"64346674-aa20-44c1-9b3a-6369eff75086","http","183.245.6.48","8080","内蒙古自治区包头市","","2022-09-26 00:23:16.585045","2022-09-26 00:23:16.585045","高匿代理",1
"d92ac7d3-1573-454c-a980-cb7e05d3f5eb","http","8.213.128.253","80","新疆维吾尔自治区哈密地区","","2022-09-26 00:23:16.585045","2022-09-26 00:23:16.585045","高匿代理",1
"5271f9b8-8c81-45bf-96f1-98b9ca760116","http","103.152.232.234","8080","海南省海口市","","2022-09-26 00:23:16.585045","2022-09-26 00:23:16.585045","高匿代理",1
"36a8f731-4747-4492-98ea-bff5a5dc4248","http","165.225.20.101","10605","甘肃省嘉峪关市","","2022-09-26 00:23:16.585045","2022-09-26 00:23:16.585045","高匿代理",1
"77b20f70-b28c-4050-b00b-78d582604398","http","47.106.105.236","80","江苏省苏州市","","2022-09-26 00:23:16.585045","2022-09-26 00:23:16.585045","高匿代理",1
"5d0dfb47-ac93-4304-a0f3-e4ece4b6a3b3","http","51.75.206.209","80","重庆市市辖区","","2022-09-26 00:23:16.585045","2022-09-26 00:23:16.585045","高匿代理",1
"95d9aea9-8998-45f6-9900-7616c5aadd7a","http","165.225.26.96","10605","江苏省徐州市","","2022-09-26 00:23:16.585045","2022-09-26 00:23:16.585045","高匿代理",1
"021da1cb-3131-4cfe-9747-04784c2c27db","http","103.119.230.254","8181","陕西省咸阳市","","2022-09-26 00:23:16.585045","2022-09-26 00:23:16.585045","高匿代理",1
"4334da52-4ab0-4d39-b9aa-bd8efb853342","http","165.225.204.105","10605","西藏自治区拉萨市","","2022-09-26 00:23:16.585045","2022-09-26 00:23:16.585045","高匿代理",1
"1b88d683-5126-4e8f-b2e0-ceb0be6e3498","http","165.225.94.83","10605","重庆市重庆周边","","2022-09-26 00:23:16.585045","2022-09-26 00:23:16.585045","高匿代理",1
"c2074eb8-0349-4e81-8334-92e5fb369189","http","104.129.204.41","8800","山西省阳泉市","","2022-09-26 00:23:16.585045","2022-09-26 00:23:16.585045","高匿代理",1
"eb795227-f08d-4545-97a2-fe0afe81940d","http","164.155.149.1","80","浙江省嘉兴市","","2022-09-26 00:23:16.585045","2022-09-26 00:23:16.585045","高匿代理",1
"7366f1c1-ed1d-4322-ad53-66c4ab72e9ad","http","162.144.236.128","80","山东省济南市","","2022-09-26 00:23:16.585045","2022-09-26 00:23:16.585045","高匿代理",1
"2d58b855-e79d-40e0-8dad-97ea449c6f18","http","196.219.202.74","8080","江苏省常州市","","2022-09-26 00:23:16.585045","2022-09-26 00:23:16.585045","高匿代理",1
"f8abb9f1-dfb9-4d5d-91cd-2f57dd3f9bb9","http","178.62.213.105","80","新疆维吾尔自治区吐鲁番地区","","2022-09-26 00:23:16.585045","2022-09-26 00:23:16.585045","高匿代理",1
"e3da24f8-a5b0-4bd6-886a-6edb1fdb08ad","http","165.225.208.123","80","河南省洛阳市","","2022-09-26 00:23:16.585045","2022-09-26 00:23:16.585045","高匿代理",1
"af717627-0490-4b53-ad5a-13bb7a640918","http","104.129.206.68","8800","湖南省湘潭市","","2022-09-26 00:23:16.585045","2022-09-26 00:23:16.585045","高匿代理",1
"d28d29ff-ac66-44ad-946f-a59a496ea492","http","165.225.94.13","10605","西藏自治区那曲地区","","2022-09-26 00:23:16.585045","2022-09-26 00:23:16.585045","高匿代理",1
"94167883-a449-4218-88fa-2406e797184f","http","165.225.8.115","10605","山东省淄博市","","2022-09-26 00:23:16.585045","2022-09-26 00:23:16.585045","高匿代理",1
"e0a9c885-bc5f-451e-8949-dd4bccb180f1","http","104.129.192.66","10605","北美地区","","2022-09-26 00:23:16.585045","2022-09-26 00:23:16.585045","高匿代理",1
"ed3c4582-29bf-4458-8f99-fceb5d43a43d","http","104.129.202.75","8800","北美地区","","2022-09-26 00:23:16.585045","2022-09-26 00:23:16.585045","高匿代理",1
"501a1e49-f550-4e18-9faa-ac715b4e13f0","http","165.225.208.97","10605","美国","","2022-09-26 00:23:16.585045","2022-09-26 00:23:16.585045","高匿代理",1
"f481cb68-536e-4b2a-ad5b-e6a89d355744","http","187.188.108.114","8080","墨西哥","","2022-09-26 00:23:16.585045","2022-09-26 00:23:16.585045","高匿代理",1
"a19840df-7df3-4e29-b75a-7aa11c86aaca","http","159.89.28.109","8080","加拿大","","2022-09-26 00:23:16.585045","2022-09-26 00:23:16.585045","高匿代理",1
"eb9a52fb-aaf6-401e-bfe8-e6ce63c097b4","http","165.225.202.95","10605","美国","","2022-09-26 00:23:16.585045","2022-09-26 00:23:16.585045","高匿代理",1
"749562dc-69b3-4edc-89d6-eec910f313af","http","185.243.8.118","3128","浙江省杭州市","","2022-09-26 00:23:16.585045","2022-09-26 00:23:16.585045","高匿代理",1
"7e80ea2f-cc65-4dd8-ab65-551822ae31bb","http","101.35.159.152","3128","北京市","","2022-09-26 00:23:16.585045","2022-09-26 00:23:16.585045","高匿代理",1
"b30c5539-4d7d-40f5-995a-0a02ad61aa87","http","165.225.204.12","10605","美国","","2022-09-26 00:23:16.585045","2022-09-26 00:23:16.585045","高匿代理",1
"6d4c79c4-58d4-4ab6-9a88-3d84342e8936","http","165.225.206.106","10605","美国","","2022-09-26 00:23:16.585045","2022-09-26 00:23:16.585045","高匿代理",1
"79b10c31-d54d-46fd-8378-2ad6c3bf0ff6","http","165.225.26.121","10605","美国","","2022-09-26 00:23:16.585045","2022-09-26 00:23:16.585045","高匿代理",1
"993ee008-290a-4a2b-a02f-a172dd880938","http","104.129.206.112","8800","北美地区","","2022-09-26 00:23:16.585045","2022-09-26 00:23:16.585045","高匿代理",1
"5991ae41-9f2b-4bcc-8923-895c3456be5a","http","104.129.202.80","8800","北美地区","","2022-09-26 00:23:16.585045","2022-09-26 00:23:16.585045","高匿代理",1
"247e5b07-2ba1-48a8-b6eb-7a5f23cccf5a","http","47.89.153.213","80","加拿大","","2022-09-26 00:23:16.585045","2022-09-26 00:23:16.585045","高匿代理",1
"26d2db3f-c386-4695-af5c-8d9f59f1bd13","http","129.213.183.152","80","美国","","2022-09-26 00:23:16.585045","2022-09-26 00:23:16.585045","高匿代理",1
"98085db7-c362-4cc3-b5d9-a03eba6033b1","http","104.129.192.200","8800","北美地区","","2022-09-26 00:23:16.585045","2022-09-26 00:23:16.585045","高匿代理",1
"370328cb-e524-48de-ac16-e4219c038c95","http","23.226.117.85","8080","北美地区","","2022-09-26 00:23:16.585045","2022-09-26 00:23:16.585045","高匿代理",1
"2dc59baa-9079-4aa1-9c53-86aa8932b631","http","104.129.198.116","8800","北美地区","","2022-09-26 00:23:16.585045","2022-09-26 00:23:16.585045","高匿代理",1
"d4e40c28-b33e-41c9-9c8c-88686560c934","http","85.255.11.185","80","波兰","","2022-09-26 00:23:16.585045","2022-09-26 00:23:16.585045","高匿代理",1
"e6727ce3-31b6-4925-9bb3-15fb108885bb","http","112.74.17.146","8118","广东省佛山市","","2022-09-26 00:23:16.585045","2022-09-26 00:23:16.585045","高匿代理",1
"c48c5f3b-c6cd-42d1-93bc-ce8ce6593672","http","165.225.8.118","10605","美国","","2022-09-26 00:23:16.585045","2022-09-26 00:23:16.585045","高匿代理",1
"45892774-9541-40c7-9a1f-f193f54a8043","http","104.129.194.156","8800","北美地区","","2022-09-26 00:23:16.585045","2022-09-26 00:23:16.585045","高匿代理",1
"a543b8ab-cf93-4069-b9de-5135c5331466","http","104.129.206.79","8800","北美地区","","2022-09-26 00:23:16.585045","2022-09-26 00:23:16.585045","高匿代理",1
"e4aa4a88-3205-4b78-aaca-7f5d68ecf7b4","http","190.26.201.194","8080","哥伦比亚","","2022-09-26 00:23:16.585045","2022-09-26 00:23:16.585045","高匿代理",1
"00a834c5-af97-4590-bd09-19a8d3ed389c","http","165.225.106.61","10605","美国","","2022-09-26 00:23:16.585045","2022-09-26 00:23:16.585045","高匿代理",1
"9392e3de-9feb-4df7-b3ea-ce8277d2779d","http","203.30.191.46","80","澳大利亚","","2022-09-26 00:23:16.585045","2022-09-26 00:23:16.585045","高匿代理",1
"6fab3b33-8a8d-4b16-8d7e-ae28b575dfa3","http","165.225.240.87","10605","美国","","2022-09-26 00:23:16.585045","2022-09-26 00:23:16.585045","高匿代理",1
"9a1e22f7-2d72-4c63-ae8f-2809f66a207b","http","165.225.240.87","10605","美国","","2022-09-26 00:23:16.585045","2022-09-26 00:23:16.585045","高匿代理",1
"9173de0a-8c10-4556-89ce-a9d4926f3e27","http","165.225.206.86","10605","美国","","2022-09-26 00:23:16.585045","2022-09-26 00:23:16.585045","高匿代理",1
"1b27923f-2ce7-44b7-9489-645f4ca24e29","http","52.163.102.95","8081","美国","","2022-09-26 00:23:16.585045","2022-09-26 00:23:16.585045","高匿代理",1
"a1f5aa2c-d9f7-438c-9d6c-f0a8c4c4a1d0","http","165.225.10.114","10605","美国","","2022-09-26 00:23:16.585045","2022-09-26 00:23:16.585045","高匿代理",1
"896375a5-241c-482e-881c-973c9acf72c6","http","59.98.4.70","8080","印度","","2022-09-26 00:23:16.585045","2022-09-26 00:23:16.585045","高匿代理",1
"d14b5edf-5746-4007-8975-db110793e8a5","http","165.225.204.117","10605","美国","","2022-09-26 00:23:16.585045","2022-09-26 00:23:16.585045","高匿代理",1
"68dcaed1-cf34-4da2-ad6c-22e886121d62","http","165.225.196.77","10605","美国","","2022-09-26 00:23:16.585045","2022-09-26 00:23:16.585045","高匿代理",1
"ec35b4a3-2e8b-440c-83ed-0596e3983f1b","http","13.127.109.61","80","美国","","2022-09-26 00:23:16.585045","2022-09-26 00:23:16.585045","高匿代理",1
"4cb0c344-127d-4881-86d4-acacc0d62b2c","http","165.225.12.82","10605","美国","","2022-09-26 00:23:16.585045","2022-09-26 00:23:16.585045","高匿代理",1
"99a1f043-8e15-425a-95df-9b64194b5d07","http","94.74.182.148","80","伊朗","","2022-09-26 00:23:16.585045","2022-09-26 00:23:16.585045","高匿代理",1
"5115ff87-a293-418f-bafa-3e95178b32d8","http","165.225.194.90","10605","美国","","2022-09-26 00:23:16.585045","2022-09-26 00:23:16.585045","高匿代理",1
"01b363ea-26bd-4f52-99d0-13b974fa5b66","http","104.129.206.166","8800","北美地区","","2022-09-26 00:23:16.585045","2022-09-26 00:23:16.585045","高匿代理",1
"01dc4aa7-fabd-4599-8326-6c9a650370e6","http","165.225.196.64","10605","美国","","2022-09-26 00:23:16.585045","2022-09-26 00:23:16.585045","高匿代理",1
"34a93d22-877f-4958-bd1f-8aa174300a30","http","104.129.194.209","8800","北美地区","","2022-09-26 00:23:16.585045","2022-09-26 00:23:16.585045","高匿代理",1
"4b1ef5cc-97b4-4405-adf5-d5edbe1a7f25","http","136.228.232.11","80","美国","","2022-09-26 00:23:16.585045","2022-09-26 00:23:16.585045","高匿代理",1
"9fe72526-55d3-4f84-b0a2-e6701f5cdc9b","http","104.129.198.228","8800","北美地区","","2022-09-26 00:23:16.585045","2022-09-26 00:23:16.585045","高匿代理",1
"3d7dd9ac-52d6-4487-8c61-77ce8884fce4","http","203.150.128.61","8080","泰国","","2022-09-26 00:23:16.585045","2022-09-26 00:23:16.585045","高匿代理",1
"968038ea-f1de-4abc-b76c-67222bfe9aca","http","147.161.195.71","80","以色列","","2022-09-26 00:23:16.585045","2022-09-26 00:23:16.585045","高匿代理",1
"be48c7c6-43b1-4761-87b4-53e896330cb6","http","104.129.192.115","8800","北美地区","","2022-09-26 00:23:16.585045","2022-09-26 00:23:16.585045","高匿代理",1
"d435f9cf-d96e-4aab-bc12-b1fa04908ec3","http","83.111.183.37","80","阿联酋","","2022-09-26 00:23:16.585045","2022-09-26 00:23:16.585045","高匿代理",1
"fa61bda7-df15-40df-9b07-1263df064850","http","94.74.182.135","80","伊朗","","2022-09-26 00:23:16.585045","2022-09-26 00:23:16.585045","高匿代理",1
"e37ecaf2-a2cf-42fa-9371-9eac13fd07af","http","104.129.206.119","8800","北美地区","","2022-09-26 00:23:16.585045","2022-09-26 00:23:16.585045","高匿代理",1
"a79dfd4c-cfc8-464c-80b8-bee047cdf8c9","http","165.225.112.90","10605","美国","","2022-09-26 00:23:16.585045","2022-09-26 00:23:16.585045","高匿代理",1
"2014ed81-0688-4708-9130-a245d1f8a9f3","http","165.225.194.97","10605","美国","","2022-09-26 00:23:16.585045","2022-09-26 00:23:16.585045","高匿代理",1
"986b29d1-341a-4d9f-b704-600babf08d8f","http","165.225.12.79","10605","美国","","2022-09-26 00:23:16.585045","2022-09-26 00:23:16.585045","高匿代理",1
"475648b0-5bda-42bd-8289-5dcf3c375f28","http","165.225.80.224","10605","美国","","2022-09-26 00:23:16.585045","2022-09-26 00:23:16.585045","高匿代理",1
"134c9844-c191-40b4-8f3d-3ab73e5f0bb3","http","165.225.216.80","10605","美国","","2022-09-26 00:23:16.585045","2022-09-26 00:23:16.585045","高匿代理",1
"138a0335-0380-453c-9968-028ed3cf94f8","http","212.33.203.171","80","伊朗","","2022-09-26 00:23:16.585045","2022-09-26 00:23:16.585045","高匿代理",1
"d9b22606-21fe-41bd-ba67-d16c109310b0","http","203.23.103.111","80","澳大利亚","","2022-09-26 00:23:16.585045","2022-09-26 00:23:16.585045","高匿代理",1
"48c6cba1-1dbc-4d6f-b875-99c15cbfa30c","http","203.177.133.235","8080","菲律宾","","2022-09-26 00:23:16.585045","2022-09-26 00:23:16.585045","高匿代理",1
"5294cacc-4c59-4fbd-92f1-91ec3f811099","http","80.241.251.54","8080","格鲁吉亚","","2022-09-26 00:23:16.585045","2022-09-26 00:23:16.585045","高匿代理",1
"373fe20f-7d68-405a-b80b-950a6ff59a7c","http","104.129.198.149","8800","北美地区","","2022-09-26 00:23:16.585045","2022-09-26 00:23:16.585045","高匿代理",1
"cb4f3d8a-2416-4511-bda8-6aa24cf63f0e","http","165.225.226.83","10605","美国","","2022-09-26 00:23:16.585045","2022-09-26 00:23:16.585045","高匿代理",1
"ac98a925-a572-493e-87a9-c94195e735fa","http","188.166.26.200","80","俄罗斯","","2022-09-26 00:23:16.585045","2022-09-26 00:23:16.585045","高匿代理",1
"60a588b4-5dcf-4ad4-9e6f-ea85905669e9","http","165.225.202.116","10605","美国","","2022-09-26 00:23:16.585045","2022-09-26 00:23:16.585045","高匿代理",1
"5ce4220a-6ae3-485a-b0bf-d32dc6e4624e","http","104.129.206.134","8800","北美地区","","2022-09-26 00:23:16.585045","2022-09-26 00:23:16.585045","高匿代理",1
"9acebe8c-fe64-434f-abbb-f150dfd40666","http","165.225.112.67","10605","美国","","2022-09-26 00:23:16.585045","2022-09-26 00:23:16.585045","高匿代理",1
"1924ca98-2130-48c0-ae99-82255f5e481a","http","104.129.199.10","8800","北美地区","","2022-09-26 02:06:42.354786","2022-09-26 02:06:42.354786","高匿代理",1
"0f5eb39b-f06a-440c-9e7a-dd97d304e852","http","165.225.208.115","10605","美国","","2022-09-26 02:06:42.354786","2022-09-26 02:06:42.354786","高匿代理",1
"8bd22eaf-d758-4325-b3ab-b9654250e314","http","104.129.202.82","8800","北美地区","","2022-09-26 02:06:42.354786","2022-09-26 02:06:42.354786","高匿代理",1
"b174f221-0fc4-491a-8427-b701ae98363f","http","188.166.164.141","80","俄罗斯","","2022-09-26 02:06:42.354786","2022-09-26 02:06:42.354786","高匿代理",1
"18568a78-04b9-4d70-970b-22f1fa557ef5","http","103.123.64.234","3128","亚太地区","","2022-09-26 02:06:42.354786","2022-09-26 02:06:42.354786","高匿代理",1
"3bdfac74-aa9a-438c-9e4d-b83fb938d45f","http","198.59.191.234","8080","美国","","2022-09-26 02:06:42.354786","2022-09-26 02:06:42.354786","高匿代理",1
"2c112a8c-6ce5-405a-b0b9-81d7af471d58","http","200.175.224.137","80","巴西","","2022-09-26 02:06:42.354786","2022-09-26 02:06:42.354786","高匿代理",1
"2f44c22c-0861-4342-8bbc-eaeae781ec99","http","202.55.5.209","8090","香港","","2022-09-26 02:06:42.354786","2022-09-26 02:06:42.354786","高匿代理",1
"dc27726a-487e-43c7-9d64-6912f795dd34","http","165.225.94.82","10605","美国","","2022-09-26 02:06:42.354786","2022-09-26 02:06:42.354786","高匿代理",1
"f1eb6ab3-e4fb-41c5-a8f8-3092245c0d8b","http","202.109.157.63","9000","江西省赣州市南康市","","2022-09-26 02:06:42.354786","2022-09-26 02:06:42.354786","高匿代理",1
"d0106762-6eb5-4a28-94c2-addd5767f127","http","165.225.206.113","10605","美国","","2022-09-26 02:06:42.354786","2022-09-26 02:06:42.354786","高匿代理",1
"5e046f1a-7b61-4ed0-9f39-0024864bfd82","http","115.223.7.28","80","浙江省温州市","","2022-09-26 02:06:42.354786","2022-09-26 02:06:42.354786","高匿代理",1
"fbf5d771-d9c8-47b5-a65b-a5b1d3cc1cb3","http","104.129.206.88","8800","北美地区","","2022-09-26 02:06:42.354786","2022-09-26 02:06:42.354786","高匿代理",1
"d6ed70cd-8635-4773-a065-559a906a2f63","http","165.225.92.108","10605","美国","","2022-09-26 02:06:42.354786","2022-09-26 02:06:42.354786","高匿代理",1
"b39ac91b-bdf8-4184-ac6c-4170456a2330","http","165.225.92.95","10605","美国","","2022-09-26 02:06:42.354786","2022-09-26 02:06:42.354786","高匿代理",1
"6df11aed-65a7-42c1-9993-d3fb03a37518","http","104.129.199.5","8800","北美地区","","2022-09-26 02:06:42.354786","2022-09-26 02:06:42.354786","高匿代理",1
"d3157982-61bd-4fe6-83bb-fe5b1dca89ae","http","165.225.8.112","10605","美国","","2022-09-26 02:06:42.354786","2022-09-26 02:06:42.354786","高匿代理",1
"8697111d-6940-426f-ab46-f6b2429ff627","http","165.16.80.98","1981","北美地区","","2022-09-26 02:06:42.354786","2022-09-26 02:06:42.354786","高匿代理",1
"a52fe105-24e9-4792-ad76-e7baccbc2435","http","82.146.42.187","80","俄罗斯","","2022-09-26 02:06:42.354786","2022-09-26 02:06:42.354786","高匿代理",1
"2a0be0ac-0e24-43fa-aee2-a3bedb6bedce","http","58.220.95.32","10174","江苏省扬州市","","2022-09-26 02:06:42.354786","2022-09-26 02:06:42.354786","高匿代理",1
"3806c51e-9fcb-4222-aa92-a73099d98aba","http","104.129.192.186","8800","北美地区","","2022-09-26 02:06:42.354786","2022-09-26 02:06:42.354786","高匿代理",1
"17e9eec2-b6e2-4a09-9c7a-276cec51fa2f","http","165.225.94.118","10605","美国","","2022-09-26 02:06:42.354786","2022-09-26 02:06:42.354786","高匿代理",1
"83ae3282-2ba2-434d-9165-9deb2ca0e1cc","http","104.129.198.150","8800","北美地区","","2022-09-26 02:06:42.354786","2022-09-26 02:06:42.354786","高匿代理",1
"1dfead90-389c-4c12-a22c-236036960904","http","104.129.206.172","8800","北美地区","","2022-09-26 02:06:42.354786","2022-09-26 02:06:42.354786","高匿代理",1
"b3260bf3-1d9c-455d-a310-fd8c0467e779","http","165.225.38.94","10605","美国","","2022-09-26 02:06:42.354786","2022-09-26 02:06:42.354786","高匿代理",1
"f0901f4a-6eed-4fbb-9538-8277fa0feea6","http","39.98.175.95","8003","香港","","2022-09-26 02:06:42.354786","2022-09-26 02:06:42.354786","高匿代理",1
"cd6a6ab9-dad1-4d88-ace9-c666fb865180","http","165.225.204.113","10605","美国","","2022-09-26 02:06:42.354786","2022-09-26 02:06:42.354786","高匿代理",1
"ccbc3350-1e5c-4b51-880b-69eff01c2a29","http","165.225.94.121","10605","美国","","2022-09-26 02:06:42.354786","2022-09-26 02:06:42.354786","高匿代理",1
"da842a14-67f9-43af-a8fc-04c91f0c964c","http","181.78.16.235","8080","拉美地区","","2022-09-26 02:06:42.354786","2022-09-26 02:06:42.354786","高匿代理",1
"2af01218-5bec-49f5-ae25-7505bc11cd54","http","104.129.198.106","8800","北美地区","","2022-09-26 02:06:42.354786","2022-09-26 02:06:42.354786","高匿代理",1
"7be08e06-1e8a-4c50-bdc6-4265ce9d1437","http","165.225.124.84","10605","美国","","2022-09-26 02:06:42.354786","2022-09-26 02:06:42.354786","高匿代理",1
"84ece39e-4ccb-4cf2-adf0-cf475975a79e","http","46.4.78.80","80","德国","","2022-09-26 02:06:42.354786","2022-09-26 02:06:42.354786","高匿代理",1
"6f3fc7d5-1961-492c-b57c-fed145df5e8c","http","221.122.91.65","80","北京市","","2022-09-26 02:06:42.354786","2022-09-26 02:06:42.354786","高匿代理",1
"bd6e7207-660e-43df-af79-8facac8d7abb","http","165.225.94.88","10605","美国","","2022-09-26 02:06:42.354786","2022-09-26 02:06:42.354786","高匿代理",1
"870d141c-2f3f-4aac-84ba-5170adfdb101","http","165.225.226.80","10605","美国","","2022-09-26 02:06:42.354786","2022-09-26 02:06:42.354786","高匿代理",1
"c5ace9fd-1213-4db9-95c8-fe8a97ff7414","http","165.225.12.89","10605","美国","","2022-09-26 02:06:42.354786","2022-09-26 02:06:42.354786","高匿代理",1
"21636dd6-aa61-49cd-aa1e-a2d6df824a96","http","93.99.12.253","8080","捷克","","2022-09-26 02:06:42.354786","2022-09-26 02:06:42.354786","高匿代理",1
"277d5cda-8259-41e9-97fc-c9edb9702bf9","http","165.225.206.98","10605","美国","","2022-09-26 02:06:42.354786","2022-09-26 02:06:42.354786","高匿代理",1
"ceab18e6-a2ed-41e1-bab2-337d42a8bf42","http","82.223.21.37","80","西班牙","","2022-09-26 02:06:42.354786","2022-09-26 02:06:42.354786","高匿代理",1
"c656db78-6206-4b4f-914a-fde2624a206d","http","165.225.12.17","10605","美国","","2022-09-26 02:06:42.354786","2022-09-26 02:06:42.354786","高匿代理",1
"daee50a8-ed01-42e3-ac4f-07d24cec0975","http","165.225.206.89","10605","美国","","2022-09-26 02:06:42.354786","2022-09-26 02:06:42.354786","高匿代理",1
"8f03c472-5a43-4a76-8868-aefb5d8d86b3","http","104.129.199.8","8800","北美地区","","2022-09-26 02:06:42.354786","2022-09-26 02:06:42.354786","高匿代理",1
"20f21e51-0ca7-4dc9-9fae-da6694637f14","http","88.99.25.49","80","英国","","2022-09-26 02:06:42.354786","2022-09-26 02:06:42.354786","高匿代理",1
"dd39ae9d-c8e1-4caf-8b7f-7e699c575cd3","http","165.225.80.216","10605","美国","","2022-09-26 02:06:42.354786","2022-09-26 02:06:42.354786","高匿代理",1
"4db61aff-1ab0-42d9-803b-529d37e2b378","http","183.88.210.77","8080","泰国","","2022-09-26 02:06:42.354786","2022-09-26 02:06:42.354786","高匿代理",1
"7ece90c2-d8ea-4b14-9129-76ac5334dfb2","http","172.107.97.51","443","北美地区","","2022-09-26 02:06:42.354786","2022-09-26 02:06:42.354786","高匿代理",1
"11699c9b-dfbf-4372-91f4-010ad9ae8ab7","http","3.23.44.179","80","美国","","2022-09-26 02:06:42.354786","2022-09-26 02:06:42.354786","高匿代理",1
"77ed8455-c4c0-4c09-b028-1ca1bc3f043f","http","112.6.117.178","8085","山东省潍坊市","","2022-09-26 02:06:42.354786","2022-09-26 02:06:42.354786","高匿代理",1
"44f9f2a5-0c7c-43b1-8414-a7dd42d30d3c","http","213.6.227.38","45730","巴勒斯坦","","2022-09-26 02:06:42.354786","2022-09-26 02:06:42.354786","高匿代理",1
"127f716b-3c6d-409e-b5cf-75710e737b94","http","165.225.72.40","10605","美国","","2022-09-26 02:06:42.354786","2022-09-26 02:06:42.354786","高匿代理",1
"50cea3b1-3eb4-4bf7-9b47-b62100b89834","http","207.180.192.43","8118","美国","","2022-09-26 02:06:42.354786","2022-09-26 02:06:42.354786","高匿代理",1
"14501fcf-3735-4667-ad2a-d9b7ec065632","http","165.225.226.107","10605","美国","","2022-09-26 02:06:42.354786","2022-09-26 02:06:42.354786","高匿代理",1
"7db85768-84e8-490d-b4ea-c4dac69bb907","http","34.233.119.103","80","美国","","2022-09-26 02:06:42.354786","2022-09-26 02:06:42.354786","高匿代理",1
"2a46e4cd-e781-4ddb-9c69-2a3b0ab3e584","http","203.229.251.191","80","韩国","","2022-09-26 02:06:42.354786","2022-09-26 02:06:42.354786","高匿代理",1
"bee1f236-0710-4dd8-a6a5-3ec48c42f8be","http","104.129.198.60","10605","北美地区","","2022-09-26 02:06:42.354786","2022-09-26 02:06:42.354786","高匿代理",1
"f46984c2-4ed1-4f19-8aa4-d1375bfa3a82","http","165.225.8.88","10605","美国","","2022-09-26 02:06:42.354786","2022-09-26 02:06:42.354786","高匿代理",1
"a18013b1-0517-4b40-89d8-2689aa65dc4a","http","104.19.179.90","80","美国","","2022-09-26 02:06:42.354786","2022-09-26 02:06:42.354786","高匿代理",1
"519cd6f8-8816-4671-a120-97b4f94e3478","http","165.225.242.106","10605","美国","","2022-09-26 02:06:42.354786","2022-09-26 02:06:42.354786","高匿代理",1
"a886d5f8-f18d-4507-bdb9-35c44a9cd40a","http","117.41.38.19","9000","江西省南昌市","","2022-09-26 02:06:42.354786","2022-09-26 02:06:42.354786","高匿代理",1
"c8391cbe-26fb-46ec-a1bf-6b311e460d46","http","165.225.92.120","10605","美国","","2022-09-26 02:06:42.354786","2022-09-26 02:06:42.354786","高匿代理",1
"fe2eb678-bcd2-4a92-9c50-bad8cbfd90c8","http","39.106.223.134","80","香港","","2022-09-26 02:06:42.354786","2022-09-26 02:06:42.354786","高匿代理",1
"4b321ee4-6c71-4446-aeff-19bca130f211","http","165.225.26.98","10605","美国","","2022-09-26 02:06:42.354786","2022-09-26 02:06:42.354786","高匿代理",1
"8d702cd9-ff82-427e-9c6e-e19e36a2558c","http","165.225.116.67","10605","美国","","2022-09-26 02:06:42.354786","2022-09-26 02:06:42.354786","高匿代理",1
"e429b2ac-ad6b-4530-a053-ebe32442365d","http","165.225.204.126","10605","美国","","2022-09-26 02:06:42.354786","2022-09-26 02:06:42.354786","高匿代理",1
"4be53887-240b-47f1-897f-149fd86297da","http","39.99.54.91","80","香港","","2022-09-26 02:06:42.354786","2022-09-26 02:06:42.354786","高匿代理",1
"a9c1d2be-2652-4f47-af66-13cd3a19d33c","http","58.220.95.8","10174","江苏省扬州市","","2022-09-26 02:06:42.354786","2022-09-26 02:06:42.354786","高匿代理",1
"7f539b2f-4780-453d-95b1-5ede8d442909","http","165.225.200.107","10605","美国","","2022-09-26 02:06:42.354786","2022-09-26 02:06:42.354786","高匿代理",1
"2670ed99-776a-41f1-924f-38fb082d7dea","http","104.129.206.123","8800","北美地区","","2022-09-26 02:06:42.354786","2022-09-26 02:06:42.354786","高匿代理",1
"6a01a6a8-3932-4352-afd2-336496554257","http","36.67.49.196","9999","印度尼西亚","","2022-09-26 02:06:42.354786","2022-09-26 02:06:42.354786","高匿代理",1
"15df29ad-2705-4c12-adc5-64000f34a5fa","http","165.225.206.93","10605","美国","","2022-09-26 02:06:42.354786","2022-09-26 02:06:42.354786","高匿代理",1
"ea94518f-c2df-436b-ac29-2093417938e8","http","165.225.202.16","10605","美国","","2022-09-26 02:06:42.354786","2022-09-26 02:06:42.354786","高匿代理",1
"a2789c26-2f1f-47b6-a829-d0d678acc8fc","http","165.225.194.96","10605","美国","","2022-09-26 02:06:42.354786","2022-09-26 02:06:42.354786","高匿代理",1
"94c24880-04a9-47ce-b40b-b5c0c9a2ed03","http","47.88.17.124","1082","加拿大","","2022-09-26 02:06:42.354786","2022-09-26 02:06:42.354786","高匿代理",1
"d6b14810-b096-4e03-a80d-8f55658536dd","http","165.225.94.109","10605","美国","","2022-09-26 02:06:42.354786","2022-09-26 02:06:42.354786","高匿代理",1
"255630f8-8b31-4c7b-8a8a-b3587131adda","http","165.225.216.92","10605","美国","","2022-09-26 02:06:42.354786","2022-09-26 02:06:42.354786","高匿代理",1
"24694cf4-0b25-49a6-9d5f-6ede2a0b7e32","http","165.225.10.78","10605","美国","","2022-09-26 02:06:42.354786","2022-09-26 02:06:42.354786","高匿代理",1
"3edae431-3df4-4288-8442-2635846f5efe","http","200.111.104.59","3129","智利","","2022-09-26 02:06:42.354786","2022-09-26 02:06:42.354786","高匿代理",1
"c97bdd4b-c184-494a-9d40-539811925316","http","199.33.117.49","8000","美国","","2022-09-26 02:06:42.354786","2022-09-26 02:06:42.354786","高匿代理",1
"5fbbd749-5b7a-49cb-aada-0104e8d37e5b","http","200.164.65.81","55443","巴西","","2022-09-26 02:06:42.354786","2022-09-26 02:06:42.354786","高匿代理",1
"095cc16f-5f04-4638-90e8-b46c8d9e7da7","http","197.254.97.251","80","肯尼亚","","2022-09-26 02:06:42.354786","2022-09-26 02:06:42.354786","高匿代理",1
"4822a4f0-ff28-4e58-b558-0b2c34ac9a0f","http","20.74.169.104","8118","美国","","2022-09-26 02:06:42.354786","2022-09-26 02:06:42.354786","高匿代理",1
"3e7f1a43-9879-43bf-af96-9c9f17c7f86d","http","36.94.48.188","2021","印度尼西亚","","2022-09-26 02:06:42.354786","2022-09-26 02:06:42.354786","高匿代理",1
"b33f3754-903d-4e1e-bae3-da75af7a0fe3","http","165.225.94.106","10605","美国","","2022-09-26 02:06:42.354786","2022-09-26 02:06:42.354786","高匿代理",1
"e3dd1c90-e40a-406e-8e0c-5fe7b6d5eb2e","http","36.92.159.181","8080","印度尼西亚","","2022-09-26 02:06:42.354786","2022-09-26 02:06:42.354786","高匿代理",1
"4a7d25a8-ce9e-4e01-9725-0a8daf2ad22e","http","206.125.47.4","80","美国","","2022-09-26 02:06:42.354786","2022-09-26 02:06:42.354786","高匿代理",1
"3e90ca01-5835-4c88-853e-950aad7a02cd","http","104.129.198.49","8800","北美地区","","2022-09-26 02:06:42.354786","2022-09-26 02:06:42.354786","高匿代理",1
"db1eb84d-e4c3-4178-81c4-ae3d3b04b43f","http","165.225.112.9","10605","美国","","2022-09-26 02:06:42.354786","2022-09-26 02:06:42.354786","高匿代理",1
"86c6a0ce-8323-4889-94bc-362a4bea00b8","http","165.225.34.40","10605","美国","","2022-09-26 02:06:42.354786","2022-09-26 02:06:42.354786","高匿代理",1
"d378e83e-3377-4801-9518-317547898e2e","http","190.160.181.220","8118","智利","","2022-09-26 02:06:42.354786","2022-09-26 02:06:42.354786","高匿代理",1
"8d04d9ca-411a-4495-8d0d-a48f7e5a95eb","http","165.225.114.81","10605","美国","","2022-09-26 02:06:42.354786","2022-09-26 02:06:42.354786","高匿代理",1
"172fa382-906c-4c41-b444-b41e16a331e9","http","45.179.167.15","80","美国","","2022-09-26 02:06:42.354786","2022-09-26 02:06:42.354786","高匿代理",1
"0e1b73ef-aa0a-4aa8-83a3-f3ce0af4590b","http","188.165.231.11","80","法国","","2022-09-26 02:06:42.354786","2022-09-26 02:06:42.354786","高匿代理",1
"2ef28838-aaab-4147-9f53-f756778d3471","http","197.254.97.249","80","肯尼亚","","2022-09-26 02:06:42.354786","2022-09-26 02:06:42.354786","高匿代理",1
"73226fa2-1ada-46dc-9f20-b5b1113e0bbf","http","3.6.62.224","80","美国","","2022-09-26 02:06:42.354786","2022-09-26 02:06:42.354786","高匿代理",1
"41cf21ee-7e45-4734-a89a-97152d67e35c","http","165.225.20.120","10605","美国","","2022-09-26 02:06:42.354786","2022-09-26 02:06:42.354786","高匿代理",1
"6948919c-acd2-45a9-8211-9669a82ac77a","http","104.129.206.162","8800","北美地区","","2022-09-26 02:06:42.354786","2022-09-26 02:06:42.354786","高匿代理",1
"a9fa439d-4221-4cdc-84f6-d7e1f29108f6","http","104.129.206.165","8800","北美地区","","2022-09-26 02:06:42.354786","2022-09-26 02:06:42.354786","高匿代理",1
"b96126ad-fe0a-4b68-a65b-83b9f8a403e7","http","104.129.192.101","10605","北美地区","","2022-09-26 02:06:42.354786","2022-09-26 02:06:42.354786","高匿代理",1
"1e7eb4b3-72ba-4e95-baec-a3ba2cc96689","http","185.157.161.85","8118","欧洲和中东地区","","2022-09-26 02:06:42.354786","2022-09-26 02:06:42.354786","高匿代理",1
"692a27c6-9597-411e-837b-314aef4edc5d","http","104.129.198.71","8800","北美地区","","2022-09-26 02:06:42.354786","2022-09-26 02:06:42.354786","高匿代理",1
"2d4a8567-123d-490c-b6fe-d50d62fc042d","http","104.129.198.94","8800","北美地区","","2022-09-26 04:56:50.751534","2022-09-26 04:56:50.751534","高匿代理",1
"909b61a9-e888-4d6c-831d-a32a87ab227e","http","213.32.75.88","9300","丹麦","","2022-09-26 04:56:50.751534","2022-09-26 04:56:50.751534","高匿代理",1
"441bbd9f-1257-45cb-94f2-322e07681c0d","http","119.46.68.239","10605","泰国","","2022-09-26 04:56:50.751534","2022-09-26 04:56:50.751534","高匿代理",1
"15a5d0de-e9fc-4554-b5ed-699d1879572d","http","165.225.196.16","10605","美国","","2022-09-26 04:56:50.751534","2022-09-26 04:56:50.751534","高匿代理",1
"c25efb33-2fde-48c0-b678-413b684665e6","http","165.225.50.24","10605","美国","","2022-09-26 04:56:50.751534","2022-09-26 04:56:50.751534","高匿代理",1
"c567324b-7eba-4c1e-b4f4-27e8e7c145c1","http","165.225.240.122","10605","美国","","2022-09-26 04:56:50.751534","2022-09-26 04:56:50.751534","高匿代理",1
"4d84e287-8ec2-419b-a03d-e7e3c3db1fc5","http","83.171.90.83","8080","俄罗斯","","2022-09-26 04:56:50.751534","2022-09-26 04:56:50.751534","高匿代理",1
"2c5ea00a-a5e8-426e-a68f-73ecda41e34f","http","37.186.242.183","8080","意大利","","2022-09-26 04:56:50.751534","2022-09-26 04:56:50.751534","高匿代理",1
"f56e5d41-ee23-4330-b013-3c00e9fa3b2a","http","165.225.26.110","10605","美国","","2022-09-26 04:56:50.751534","2022-09-26 04:56:50.751534","高匿代理",1
"fa6e6a1e-e1c6-46d8-a8a8-2488b7c6c142","http","81.2.249.163","80","捷克","","2022-09-26 04:56:50.751534","2022-09-26 04:56:50.751534","高匿代理",1
"87cb9a91-c695-4dcd-a3ba-fd40cbe56d02","http","165.225.92.96","10605","美国","","2022-09-26 04:56:50.751534","2022-09-26 04:56:50.751534","高匿代理",1
"9316ab1c-5b2c-4d65-beac-f3e407963911","http","165.225.200.106","10605","美国","","2022-09-26 04:56:50.751534","2022-09-26 04:56:50.751534","高匿代理",1
"d9f4f670-0f7b-4a7a-a81c-d56f6d1747d2","http","58.82.151.242","8080","新加坡","","2022-09-26 04:56:50.751534","2022-09-26 04:56:50.751534","高匿代理",1
"19e9aa0d-3eb8-4d8e-8ebf-b290bffaa554","http","165.225.26.84","10605","美国","","2022-09-26 04:56:50.751534","2022-09-26 04:56:50.751534","高匿代理",1
"b615cc51-6134-403c-b4a8-98e7cf9444ca","http","165.225.204.119","10605","美国","","2022-09-26 04:56:50.751534","2022-09-26 04:56:50.751534","高匿代理",1
"4e7f8c03-7d7d-4173-93fb-3f3f814071c9","http","210.245.54.97","8080","柬埔寨","","2022-09-26 04:56:50.751534","2022-09-26 04:56:50.751534","高匿代理",1
"70a82672-3b8a-4ca0-8185-a9a0b362f1bd","http","104.129.192.175","8800","北美地区","","2022-09-26 04:56:50.751534","2022-09-26 04:56:50.751534","高匿代理",1
"701ee452-85fb-428d-8416-5f1280d3dbb9","http","173.230.129.189","80","美国","","2022-09-26 04:56:50.751534","2022-09-26 04:56:50.751534","高匿代理",1
"86b5c474-b924-4476-a87e-11ee152d317d","http","115.223.7.32","80","浙江省温州市","","2022-09-26 04:56:50.751534","2022-09-26 04:56:50.751534","高匿代理",1
"3ed3eaa0-606a-4e0b-892a-a8f3ae4e0d2f","http","45.115.178.137","80","IANA","","2022-09-26 04:56:50.751534","2022-09-26 04:56:50.751534","高匿代理",1
"56f631c3-8e6d-4451-afc7-1c7f3fd4ce4f","http","64.146.227.38","80","美国","","2022-09-26 04:56:50.751534","2022-09-26 04:56:50.751534","高匿代理",1
"80e9b3a9-e5ee-4431-9736-758c52598c28","http","136.243.125.2","80","德国","","2022-09-26 04:56:50.751534","2022-09-26 04:56:50.751534","高匿代理",1
"c54ff7aa-4af8-4f61-9522-3f93b77d41c6","http","165.225.222.108","10605","美国","","2022-09-26 04:56:50.751534","2022-09-26 04:56:50.751534","高匿代理",1
"4720a1d1-07ec-4a56-aa32-24b2ec46b5d2","http","43.245.95.178","53805","日本","","2022-09-26 04:56:50.751534","2022-09-26 04:56:50.751534","高匿代理",1
"df982cd9-4078-40a0-b461-7b7ae8016882","http","109.254.75.200","9090","乌克兰","","2022-09-26 04:56:50.751534","2022-09-26 04:56:50.751534","高匿代理",1
"f04d82f8-ff92-4fd5-95d3-71dc78c36c86","http","165.225.210.109","10605","美国","","2022-09-26 04:56:50.751534","2022-09-26 04:56:50.751534","高匿代理",1
"d125faba-8ce2-438c-b8b2-0cb111e545a1","http","165.225.12.114","10605","美国","","2022-09-26 04:56:50.751534","2022-09-26 04:56:50.751534","高匿代理",1
"9931ad2c-0323-40c5-bd03-663d1f3dd26b","http","165.225.194.93","10605","美国","","2022-09-26 04:56:50.751534","2022-09-26 04:56:50.751534","高匿代理",1
"e2ef976d-2eba-4a0b-adb8-3bbc6b540194","http","177.92.104.194","80","巴西","","2022-09-26 04:56:50.751534","2022-09-26 04:56:50.751534","高匿代理",1
"ce5b94d9-ed88-4c31-8855-2059c3dfdb47","http","104.129.202.131","8800","北美地区","","2022-09-26 04:56:50.751534","2022-09-26 04:56:50.751534","高匿代理",1
"28c53211-0412-4a43-886e-50f10bede98b","http","165.225.194.101","10605","美国","","2022-09-26 04:56:50.751534","2022-09-26 04:56:50.751534","高匿代理",1
"df6d8ac5-df69-4c2b-91a0-8755982cf8ef","http","161.97.118.197","3128","美国","","2022-09-26 04:56:50.751534","2022-09-26 04:56:50.751534","高匿代理",1
"3ee93a16-107c-4197-8d02-12c33c074602","http","168.121.50.108","8080","北美地区","","2022-09-26 04:56:50.751534","2022-09-26 04:56:50.751534","高匿代理",1
"dcf1d434-c6fd-4a33-a882-779b8619a851","http","222.242.106.7","80","湖南省娄底市","","2022-09-26 04:56:50.751534","2022-09-26 04:56:50.751534","高匿代理",1
"02e6490b-bdae-4649-bfb0-c1c265db0d85","http","165.225.242.105","10605","美国","","2022-09-26 04:56:50.751534","2022-09-26 04:56:50.751534","高匿代理",1
"46cdfc07-dc0a-4ac1-bd19-9aa974b56384","http","165.225.8.86","10605","美国","","2022-09-26 04:56:50.751534","2022-09-26 04:56:50.751534","高匿代理",1
"5e7d2a9f-2066-4b36-8147-a7cc3ceb5c71","http","104.129.206.174","8800","北美地区","","2022-09-26 04:56:50.751534","2022-09-26 04:56:50.751534","高匿代理",1
"ce7cf735-0a76-45a3-b2cf-036a7aff7bd3","http","45.117.77.41","80","IANA","","2022-09-26 04:56:50.751534","2022-09-26 04:56:50.751534","高匿代理",1
"16595aaf-ce98-47c7-b552-8438d42fc0f1","http","165.225.34.56","10605","美国","","2022-09-26 04:56:50.751534","2022-09-26 04:56:50.751534","高匿代理",1
"d91df6b2-724a-41b7-a8c5-a65330efbbcd","http","164.90.222.95","80","美国","","2022-09-26 04:56:50.751534","2022-09-26 04:56:50.751534","高匿代理",1
"9a21fcc9-7fb1-4dd5-a99e-7c9e18b269a7","http","3.20.236.208","49205","美国","","2022-09-26 04:56:50.751534","2022-09-26 04:56:50.751534","高匿代理",1
"258b491b-2db5-40a6-ae72-dcb269d41dec","http","177.54.229.1","9292","巴西","","2022-09-26 04:56:50.751534","2022-09-26 04:56:50.751534","高匿代理",1
"77214d9d-8502-4fe2-b3d8-b052544f90e3","http","194.67.109.62","80","俄罗斯","","2022-09-26 04:56:50.751534","2022-09-26 04:56:50.751534","高匿代理",1
"06b11c10-79c8-49bf-a20a-6ad32104330f","http","31.169.50.141","80","挪威","","2022-09-26 04:56:50.751534","2022-09-26 04:56:50.751534","高匿代理",1
"662579d1-e118-411c-9590-c7e8f608be50","http","41.77.188.178","80","几内亚","","2022-09-26 04:56:50.751534","2022-09-26 04:56:50.751534","高匿代理",1
"43db5d31-e226-4aa6-a206-1b5faba52ab6","http","34.206.77.75","80","美国","","2022-09-26 04:56:50.751534","2022-09-26 04:56:50.751534","高匿代理",1
"da3a8941-ab94-4a0b-a6f7-f550cb010402","http","47.101.41.163","8080","加拿大","","2022-09-26 04:56:50.751534","2022-09-26 04:56:50.751534","高匿代理",1
"2c6adc5c-7661-45cf-bb91-292efa4a4c0d","http","104.129.194.46","8800","北美地区","","2022-09-26 04:56:50.751534","2022-09-26 04:56:50.751534","高匿代理",1
"16b5963f-885b-4be5-81d7-4ecd238f0fc4","http","51.77.222.51","80","英国","","2022-09-26 04:56:50.751534","2022-09-26 04:56:50.751534","高匿代理",1
"089de9b5-996f-4304-9a12-51e253bd3f8c","http","115.223.7.62","80","浙江省温州市","","2022-09-26 04:56:50.751534","2022-09-26 04:56:50.751534","高匿代理",1
"de35dc91-c1f0-4f77-99f2-35e350ccac7d","http","115.223.7.61","80","浙江省温州市","","2022-09-26 04:56:50.751534","2022-09-26 04:56:50.751534","高匿代理",1
"fc7f25a9-8478-4884-8461-308fcc63e1b1","http","115.223.7.62","80","浙江省温州市","","2022-09-26 04:56:50.751534","2022-09-26 04:56:50.751534","高匿代理",1
"37e3c351-000d-4d1d-8f76-e7ab9904072e","http","115.223.7.34","80","浙江省温州市","","2022-09-26 04:56:50.751534","2022-09-26 04:56:50.751534","高匿代理",1
"8824e8c9-da09-4c29-a7e9-37d3011b76cf","http","115.223.7.61","80","浙江省温州市","","2022-09-26 04:56:50.751534","2022-09-26 04:56:50.751534","高匿代理",1
"1427f348-3601-4bf9-8764-9fb313662724","http","115.223.7.29","80","浙江省温州市","","2022-09-26 04:56:50.751534","2022-09-26 04:56:50.751534","高匿代理",1
"5e970a85-5548-4ddd-8384-9f9895fa503f","http","58.220.95.116","10122","江苏省扬州市","","2022-09-26 04:56:50.751534","2022-09-26 04:56:50.751534","高匿代理",1
"d1fb9929-fb30-4d7e-bf82-a7ef15a25f94","http","115.223.7.34","80","浙江省温州市","","2022-09-26 04:56:50.751534","2022-09-26 04:56:50.751534","高匿代理",1
"2606baba-0df5-434c-b874-1f6124048950","http","115.223.7.29","80","浙江省温州市","","2022-09-26 04:56:50.751534","2022-09-26 04:56:50.751534","高匿代理",1
"6b2c1831-17eb-4c7d-b79e-1edaf507fdd9","http","178.62.200.7","80","俄罗斯","","2022-09-26 04:56:50.751534","2022-09-26 04:56:50.751534","高匿代理",1
"6bf85418-d41b-46cc-be4f-5d67948015d8","http","51.195.90.125","80","英国","","2022-09-26 04:56:50.751534","2022-09-26 04:56:50.751534","高匿代理",1
"0210e08a-5448-446e-9533-1ccd7f730da4","http","165.225.56.122","10605","美国","","2022-09-26 04:56:50.751534","2022-09-26 04:56:50.751534","高匿代理",1
"ff3dc8b0-5abe-4e11-a50d-d3d344a2f769","http","45.173.14.136","80","美国","","2022-09-26 04:56:50.751534","2022-09-26 04:56:50.751534","高匿代理",1
"c34cb7b3-ec5d-4caf-a919-5171faee3e81","http","165.225.226.87","10605","美国","","2022-09-26 04:56:50.751534","2022-09-26 04:56:50.751534","高匿代理",1
"a2c0bf0e-a510-4bd6-9e72-c5c23ca2e1fb","http","162.159.248.1","80","美国","","2022-09-26 04:56:50.751534","2022-09-26 04:56:50.751534","高匿代理",1
"af45f326-944c-467f-8c45-faf1ac0c2ee1","http","172.67.21.175","80","北美地区","","2022-09-26 04:56:50.751534","2022-09-26 04:56:50.751534","高匿代理",1
"0347f079-fbfc-493a-b311-69b432cdb3c8","http","165.225.202.110","10605","美国","","2022-09-26 04:56:50.751534","2022-09-26 04:56:50.751534","高匿代理",1
"73ddff58-7450-4cb8-b23e-33cecf0677a5","http","47.92.158.181","8118","加拿大","","2022-09-26 04:56:50.751534","2022-09-26 04:56:50.751534","高匿代理",1
"fa813e38-7859-4cb7-8fc5-0977bb7cc288","http","175.111.129.154","8080","巴基斯坦","","2022-09-26 04:56:50.751534","2022-09-26 04:56:50.751534","高匿代理",1
"af872978-d1b8-46ec-a8ea-3097746ae826","http","159.69.66.224","8080","美国","","2022-09-26 04:56:50.751534","2022-09-26 04:56:50.751534","高匿代理",1
"9edbc2a4-d23b-466f-91fd-2a610889d443","http","49.212.162.37","80","日本","","2022-09-26 04:56:50.751534","2022-09-26 04:56:50.751534","高匿代理",1
"9846e6a3-5699-4f17-b3ce-dd4eb8dd8f9b","http","122.226.191.22","6","浙江省台州市","","2022-09-26 04:56:50.751534","2022-09-26 04:56:50.751534","高匿代理",1
"90bfb8e5-feae-47f2-aaf2-00abb9fcca6c","http","213.170.110.175","8080","俄罗斯","","2022-09-26 04:56:50.751534","2022-09-26 04:56:50.751534","高匿代理",1
"a8c9a267-9a4a-4c2a-8d1c-8c2e31bcee1e","http","200.25.254.193","54240","哥伦比亚","","2022-09-26 04:56:50.751534","2022-09-26 04:56:50.751534","高匿代理",1
"03c2b12f-1326-4d9f-b678-bfa639c99c67","http","45.70.15.4","8080","IANA","","2022-09-26 04:56:50.751534","2022-09-26 04:56:50.751534","高匿代理",1
"bac309f2-c251-415a-91d4-707fd4008e4c","http","78.189.32.215","8080","土耳其","","2022-09-26 04:56:50.751534","2022-09-26 04:56:50.751534","高匿代理",1
"877d554c-a188-4b4d-a4b2-1ca79192f7db","http","79.143.87.138","9090","英国","","2022-09-26 04:56:50.751534","2022-09-26 04:56:50.751534","高匿代理",1
"a5284d15-0224-4278-8308-2d19be21c280","http","18.207.70.248","80","美国","","2022-09-26 04:56:50.751534","2022-09-26 04:56:50.751534","高匿代理",1
"aefb4ce4-b162-4c43-a151-7ec90ce7aa19","http","177.72.81.39","8080","巴西","","2022-09-26 04:56:50.751534","2022-09-26 04:56:50.751534","高匿代理",1
"b1eafc67-90fe-4f0a-96eb-ec98ba19e123","http","165.225.200.95","10605","美国","","2022-09-26 04:56:50.751534","2022-09-26 04:56:50.751534","高匿代理",1
"5a723994-80ad-4146-9dcb-42a2cf773578","http","91.121.154.159","80","法国","","2022-09-26 04:56:50.751534","2022-09-26 04:56:50.751534","高匿代理",1
"7f636163-0846-4adc-9fc6-87518c976719","http","165.225.12.119","10605","美国","","2022-09-26 04:56:50.751534","2022-09-26 04:56:50.751534","高匿代理",1
"19b05dfd-e48b-47e6-9781-ce95b82600f0","http","193.122.197.154","80","英国","","2022-09-26 04:56:50.751534","2022-09-26 04:56:50.751534","高匿代理",1
"561abf87-01bd-4e86-a75b-22733e4aa731","http","189.240.60.168","8080","墨西哥","","2022-09-26 04:56:50.751534","2022-09-26 04:56:50.751534","高匿代理",1
"83e26511-80a7-410d-aefd-d2c8bdee443c","http","104.129.206.170","8800","北美地区","","2022-09-26 04:56:50.751534","2022-09-26 04:56:50.751534","高匿代理",1
"c40dda52-58de-462c-86e7-b0e9aa882237","http","218.7.171.91","3128","黑龙江省绥化市","","2022-09-26 04:56:50.751534","2022-09-26 04:56:50.751534","高匿代理",1
"5cdb2db8-56e5-4bc8-9d10-45db6a5b559b","http","93.170.118.249","8080","捷克","","2022-09-26 04:56:50.751534","2022-09-26 04:56:50.751534","高匿代理",1
"9a06660e-885f-4317-8379-392cc80e1f42","http","5.157.46.71","41002","爱沙尼亚","","2022-09-26 04:56:50.751534","2022-09-26 04:56:50.751534","高匿代理",1
"0505a6f9-d420-4e31-b314-778970ef7a75","http","82.146.49.211","80","俄罗斯","","2022-09-26 04:56:50.751534","2022-09-26 04:56:50.751534","高匿代理",1
"e1b34075-7503-4c88-85fb-9a70f3d9ab0f","http","91.121.88.53","8010","法国","","2022-09-26 04:56:50.751534","2022-09-26 04:56:50.751534","高匿代理",1
"b2262057-ab98-4339-91e1-e7d804f27414","http","165.225.110.70","10605","美国","","2022-09-26 04:56:50.751534","2022-09-26 04:56:50.751534","高匿代理",1
"15859ecf-63e8-4e79-9d21-280032d51965","http","172.67.182.138","80","北美地区","","2022-09-26 04:56:50.751534","2022-09-26 04:56:50.751534","高匿代理",1
"a30e2dae-5f6f-4f4f-8a91-48bb75c693da","http","83.220.175.9","80","俄罗斯","","2022-09-26 04:56:50.751534","2022-09-26 04:56:50.751534","高匿代理",1
"877332ed-bdd2-49a4-aac9-dc93b758804a","http","85.117.54.215","8080","格鲁吉亚","","2022-09-26 04:56:50.751534","2022-09-26 04:56:50.751534","高匿代理",1
"d840846b-2e62-4c68-8640-944c3a02aef7","http","93.115.79.217","80","罗马尼亚","","2022-09-26 04:56:50.751534","2022-09-26 04:56:50.751534","高匿代理",1
"f5c662d1-fb61-4fac-b34d-5a00d40a1636","http","104.129.206.127","8800","北美地区","","2022-09-26 04:56:50.751534","2022-09-26 04:56:50.751534","高匿代理",1
"b484d175-5ba2-4d53-bc9a-8e9b20360ac7","http","91.209.11.132","80","乌克兰","","2022-09-26 04:56:50.751534","2022-09-26 04:56:50.751534","高匿代理",1
"82f57b1f-0033-4048-a902-741c5ff736f4","http","221.236.16.197","8118","四川省成都市","","2022-09-26 04:56:50.751534","2022-09-26 04:56:50.751534","高匿代理",1
"32f0fc33-3a32-424f-8b3c-10098e1f2ad3","http","182.140.244.163","8118","四川省成都市","","2022-09-26 04:56:50.751534","2022-09-26 04:56:50.751534","高匿代理",1
"26f92d09-ee96-4ce8-90c4-6b1d23833335","http","113.53.29.218","33885","泰国","","2022-09-26 04:56:50.751534","2022-09-26 04:56:50.751534","高匿代理",1
"5a9494f4-5b1c-4730-adaf-06b4cb8fcd68","http","193.149.225.9","80","欧洲","","2022-09-26 04:56:50.751534","2022-09-26 04:56:50.751534","高匿代理",1
